,Product_Name,Ratings,Questions_Answered,Current_Price,Savings,Category,
1,Vaunn Medical Tool-Free Assembly Spa Bathtub Adjustable Shower Chair Seat Bench with Removable Back,"1,853 ratings",176 answered questions,$39.99 ,[],"Mobility & Daily Living Aids > Bathroom Safety, Aids & Accessories > Bath & Shower Aids > Bath & Shower Safety Seating & Transfer Benches",https://www.amazon.com/Tool-Free-Bathtub-Adjustable-Shower-Removable/dp/tech-data/B01LYI5R2V?SubscriptionId=AKIAJZVN57AVTBBCDT2Q&tag=randomking20-20%20&linkCode=xm2&camp=2025&creative=386001&creativeASIN=B01LYI5R2V
2,Forge Thin Blue Line Flag Police Pin (Value Pack),[],4 answered questions,$8.99 ,[],"Clothing, Shoes & Jewelry > Men > Jewelry > Tie Pins",https://www.amazon.com/Thin-Blue-Line-Police-Value/dp/tech-data/B01LYI5TL2%3FSubscriptionId%3DAKIAJZVN57AVTBBCDT2Q%26tag%3Drandomking20-20%26linkCode%3Dxm2%26camp%3D2025%26creative%3D386001%26creativeASIN%3DB01LYI5TL2
3,Horseback Riding Gifts Keep Calm Chin Up Heels Down Equestrian Gift Coffee Mug Tea Cup Pink,30 ratings,[],$14.99 ,[],Home & Kitchen > Kitchen & Dining > Dining & Entertaining > Novelty > Drinkware > Coffee Mugs,https://www.amazon.com/Horseback-Riding-Gifts-Equestrian-Coffee/dp/tech-data/B01LYI6A4U%3FSubscriptionId%3DAKIAJZVN57AVTBBCDT2Q%26tag%3Drandomking20-20%26linkCode%3Dxm2%26camp%3D2025%26creative%3D386001%26creativeASIN%3DB01LYI6A4U
4,Shawn Mendes - Treat You Better - Sheet Music Single,[],[],$9.99 ,[],Musical Instruments > Instrument Accessories > General Accessories,https://www.amazon.com/Shawn-Mendes-Treat-Better-Single/dp/tech-data/B01LYI6AM9%3FSubscriptionId%3DAKIAJZVN57AVTBBCDT2Q%26tag%3Drandomking20-20%26linkCode%3Dxm2%26camp%3D2025%26creative%3D386001%26creativeASIN%3DB01LYI6AM9
5,Funny Work T-Shirt Attention Grabber 100% Cotton Fire Me I Beg You,[],[],[],[],"Clothing, Shoes & Jewelry > Men > Clothing > Active > Active Shirts & Tees",https://www.amazon.com/Funny-T-Shirt-Attention-Grabber-Cotton/dp/tech-data/B01LYI6JPX%3FSubscriptionId%3DAKIAJZVN57AVTBBCDT2Q%26tag%3Drandomking20-20%26linkCode%3Dxm2%26camp%3D2025%26creative%3D386001%26creativeASIN%3DB01LYI6JPX
6,Home Decorators Anya 3 Light Chrome Semi Flush Mount Pleated Cream Fabric Shade,1 rating,[],[],[],Tools & Home Improvement > Lighting & Ceiling Fans > Ceiling Lights > Close To Ceiling Lights,https://www.amazon.com/Home-Decorators-Chrome-Pleated-Fabric/dp/tech-data/B01LYI7MT2?SubscriptionId=AKIAJZVN57AVTBBCDT2Q&tag=randomking20-20%20&linkCode=xm2&camp=2025&creative=386001&creativeASIN=B01LYI7MT2
7,JANIZZ 2.20 MM Hand Made 14KT Gold Nose Stud Nose PIN with Diamond .03 Cents with Certificate Twist Screw 25G,[],[],[],[],"Clothing, Shoes & Jewelry > Women > Jewelry > Body Jewelry > Piercing Jewelry",https://www.amazon.com/NATURAL-DIAMOND-03CENTS-CERTIFICATE-TWIST/dp/tech-data/B01LYI7XXF%3FSubscriptionId%3DAKIAJZVN57AVTBBCDT2Q%26tag%3Drandomking20-20%26linkCode%3Dxm2%26camp%3D2025%26creative%3D386001%26creativeASIN%3DB01LYI7XXF
8,"mySimple Products Safe & Non-Toxic {Various Sizes} 1 Pound Bag of Gravel, Rocks & Stones Decor Made of Genuine Glass for Freshwater & Saltwater Aquarium w/Dark Polished Edgy Smooth Bead Style [Black]",[],[],$17.49 ,[],Pet Supplies > Fish & Aquatic Pets > Aquarium Substrate > Gravel,https://www.amazon.com/Non-Toxic-Freshwater-Saltwater-Aquarium-Polished/dp/tech-data/B01LYI8528%3FSubscriptionId%3DAKIAJZVN57AVTBBCDT2Q%26tag%3Drandomking20-20%26linkCode%3Dxm2%26camp%3D2025%26creative%3D386001%26creativeASIN%3DB01LYI8528
9,Kindle Edition,[],[],[],[],Kindle Store > Kindle eBooks > Science Fiction & Fantasy,https://www.amazon.com/Darkness-New-Species-Book-12-ebook/dp/tech-data/B01LYJ7WO8?SubscriptionId=AKIAJZVN57AVTBBCDT2Q&tag=randomking20-20%20&linkCode=xm2&camp=2025&creative=386001&creativeASIN=B01LYJ7WO8
10,KECC Laptop Case for Old MacBook Pro 13” Retina (-2015) Plastic Case Hard Shell Cover A1502 / A1425 (Nebula),"3,797 ratings",173 answered questions,$19.99 ,[],"Electronics > Computers & Accessories > Laptop Accessories > Bags, Cases & Sleeves > Hard Shell Cases",https://www.amazon.com/KEC-MacBook-Galaxy-Universe-Pattern/dp/tech-data/B01LYJ8OFO%3FSubscriptionId%3DAKIAJZVN57AVTBBCDT2Q%26tag%3Drandomking20-20%26linkCode%3Dxm2%26camp%3D2025%26creative%3D386001%26creativeASIN%3DB01LYJ8OFO
11,Will & Grace Debra Messing as Grace Adler Arms Crossed in Purple 8 x 10 inch Photo,[],[],$7.95 ,[],Collectibles & Fine Art > Entertainment > Photographs,https://www.amazon.com/Grace-Debra-Messing-Crossed-Purple/dp/tech-data/B01LYJFHW1?SubscriptionId=AKIAJZVN57AVTBBCDT2Q&tag=randomking20-20%20&linkCode=xm2&camp=2025&creative=386001&creativeASIN=B01LYJFHW1
12,PopSockets: Collapsible Grip & Stand for Phones and Tablets - Really Mermaid,"6,035 ratings",434 answered questions,$9.99 ,[],Cell Phones & Accessories > Accessories > Mounts & Stands > Stands,https://www.amazon.com/PopSockets-Expanding-Smartphones-Tablets-Mermaid/dp/tech-data/B01LYJFV2M%3FSubscriptionId%3DAKIAJZVN57AVTBBCDT2Q%26tag%3Drandomking20-20%26linkCode%3Dxm2%26camp%3D2025%26creative%3D386001%26creativeASIN%3DB01LYJFV2M
13,Questioning Her Past (Trading Card) 2016 Cryptozoic The Walking Dead Season 4 Part 1 - [Base] #50,[],[],[],[],Collectibles & Fine Art > Entertainment > Trading Cards,https://www.amazon.com/Cryptozoic-Walking-Dead-Season-Part/dp/tech-data/B01LYJG85E%3FSubscriptionId%3DAKIAJZVN57AVTBBCDT2Q%26tag%3Drandomking20-20%26linkCode%3Dxm2%26camp%3D2025%26creative%3D386001%26creativeASIN%3DB01LYJG85E
14,"Vermont Smoke & Cure Smoked Pepperoni, Uncured",[],[],[],[],Health & Household > Sports Nutrition > Healthy Snacks & Beverages,https://www.amazon.com/Vermont-Smoke-Smoked-Pepperoni-Uncured/dp/tech-data/B01LYJGMXR%3FSubscriptionId%3DAKIAJZVN57AVTBBCDT2Q%26tag%3Drandomking20-20%26linkCode%3Dxm2%26camp%3D2025%26creative%3D386001%26creativeASIN%3DB01LYJGMXR
15,"One I built when I was a kid, and it was a re... - Bobby Sherman - quotes fridge magnet, Black",[],[],$4.95 ,[],Home & Kitchen > Kitchen & Dining > Kitchen Utensils & Gadgets > Kitchen Accessories > Refrigerator Magnets,https://www.amazon.com/One-built-when-was-kid/dp/tech-data/B01LYJGP4I%3FSubscriptionId%3DAKIAJZVN57AVTBBCDT2Q%26tag%3Drandomking20-20%26linkCode%3Dxm2%26camp%3D2025%26creative%3D386001%26creativeASIN%3DB01LYJGP4I
16,Animal Eagle Night Light With Remote Control LED Desk Table Lamp Kids Children Gift Home Office Childrenroom Decoration by HUI YUAN,114 ratings,10 answered questions,$39.99 ,[],Home & Kitchen > Home Décor > Kids' Room Décor > Lamps & Lighting,https://www.amazon.com/Illusion-Control-Children-Childrenroom-Decoration/dp/tech-data/B01LYJGVBU%3FSubscriptionId%3DAKIAJZVN57AVTBBCDT2Q%26tag%3Drandomking20-20%26linkCode%3Dxm2%26camp%3D2025%26creative%3D386001%26creativeASIN%3DB01LYJGVBU
17,"Samsung Galaxy S 7 Leather Wallet Case with Credit Cards Slot and Metal Magnetic Clip, TAKEN Galaxy S7 Plastic Flip Case/Cover, Vintage and Fashion, Durable and Shockproof Holster (Rose Gold) 2016",217 ratings,20 answered questions,$9.77 ,[],"Cell Phones & Accessories > Cases, Holsters & Sleeves > Flip Cases",https://www.amazon.com/Taken-S7-Wallet-Case-Leather/dp/tech-data/B01LYJH84L?SubscriptionId=AKIAJZVN57AVTBBCDT2Q&tag=randomking20-20%20&linkCode=xm2&camp=2025&creative=386001&creativeASIN=B01LYJH84L
18,3 Pairs Blade A B Quick Release Propellers for Yuneec Typhoon H 480 Drone 6pcs (Black),28 ratings,[],$18.99 ,[],[],https://www.amazon.com/Yuneec-Parts-Release-Propellers-Typhoon/dp/tech-data/B01LYJIFH4?SubscriptionId=AKIAJZVN57AVTBBCDT2Q&tag=randomking20-20%20&linkCode=xm2&camp=2025&creative=386001&creativeASIN=B01LYJIFH4
19,B+W 82mm Polarizing Filter Circular Polarizer Filter MRC No Vignetting,1 rating,[],[],[],Electronics > Camera & Photo > Accessories > Filters & Accessories > Polarizing Filters,https://www.amazon.com/Polarizing-Filter-Circular-Polarizer-Vignetting/dp/tech-data/B01LYJIFPF%3FSubscriptionId%3DAKIAJZVN57AVTBBCDT2Q%26tag%3Drandomking20-20%26linkCode%3Dxm2%26camp%3D2025%26creative%3D386001%26creativeASIN%3DB01LYJIFPF
20,Gellwhu Baby Girls Socks Knee High Socks for Toddler Kids Boys Cute Animal Long Boot Socks,[],24 answered questions,$12.00 ,[],"Clothing, Shoes & Jewelry > Baby > Baby Girls > Accessories > Socks",https://www.amazon.com/Gellwhu-Stockings-Cartoon-Animal-Months/dp/tech-data/B01LYJJC41%3FSubscriptionId%3DAKIAJZVN57AVTBBCDT2Q%26tag%3Drandomking20-20%26linkCode%3Dxm2%26camp%3D2025%26creative%3D386001%26creativeASIN%3DB01LYJJC41
21,"Metallic Purple 12 Inch Pearlescent Thickened Latex Balloons, Pack of 100, Pearlized Premium Helium Quality for Wedding Bridal Baby Shower Birthday Party Decorations Supplies Ballon Baloon Thinken",3 ratings,[],$11.99 ,[],Home & Kitchen > Event & Party Supplies > Decorations > Balloons,https://www.amazon.com/Pearlized-Balloons-Premium-Quality-Metallic/dp/tech-data/B01LYJJWHG%3FSubscriptionId%3DAKIAJZVN57AVTBBCDT2Q%26tag%3Drandomking20-20%26linkCode%3Dxm2%26camp%3D2025%26creative%3D386001%26creativeASIN%3DB01LYJJWHG
22,"Nazareth Store Multicolor Crystal Zircon Beads Golden Rosary Catholic Colorful Bead Necklace Miraculous Medal Cross, Velvet Bag Case",20 ratings,[],$14.99 ,$2.91 (16%),"Clothing, Shoes & Jewelry > Men > Jewelry > Necklaces",https://www.amazon.com/Colorful-Zircon-Catholic-Necklace-Miraculous/dp/tech-data/B01LYJKDDT?SubscriptionId=AKIAJZVN57AVTBBCDT2Q&tag=randomking20-20%20&linkCode=xm2&camp=2025&creative=386001&creativeASIN=B01LYJKDDT
23,Beecher Mirage 3x25 Binocular for Distance Viewing,1 rating,[],$199.95 ,[],Health & Household > Medical Supplies & Equipment > Mobility & Daily Living Aids > Visual Impairment Aids > Magnifiers,https://www.amazon.com/Beecher-Mirage-Binocular-Distance-Viewing/dp/tech-data/B01LYJPCR6%3FSubscriptionId%3DAKIAJZVN57AVTBBCDT2Q%26tag%3Drandomking20-20%26linkCode%3Dxm2%26camp%3D2025%26creative%3D386001%26creativeASIN%3DB01LYJPCR6
24,Kindle Edition,[],[],[],[],"Books > Mystery, Thriller & Suspense > Thrillers & Suspense",https://www.amazon.com/Oppose-Any-Luke-Stone-Thriller-Book-ebook/dp/tech-data/B01LYJPKHG%3FSubscriptionId%3DAKIAJZVN57AVTBBCDT2Q%26tag%3Drandomking20-20%26linkCode%3Dxm2%26camp%3D2025%26creative%3D386001%26creativeASIN%3DB01LYJPKHG
25,"ROAR Coconut Water Healthy Sports Energy Drink, Variety 7 flavor - Pack of 12 - 20 oz bottles",2 ratings,[],[],[],"Grocery & Gourmet Food > Beverages > Bottled Beverages, Water & Drink Mixes > Sports Drinks",https://www.amazon.com/ROAR-Coconut-Water-Sports-Drink/dp/tech-data/B01LYJQO0P%3FSubscriptionId%3DAKIAJZVN57AVTBBCDT2Q%26tag%3Drandomking20-20%26linkCode%3Dxm2%26camp%3D2025%26creative%3D386001%26creativeASIN%3DB01LYJQO0P
26,Kindle Edition,[],[],[],[],Kindle Store > Kindle eBooks > Politics & Social Sciences,https://www.amazon.com/Fine-Mess-Global-Simpler-Efficient-ebook/dp/tech-data/B01LYJTD8P?SubscriptionId=AKIAJZVN57AVTBBCDT2Q&tag=randomking20-20%20&linkCode=xm2&camp=2025&creative=386001&creativeASIN=B01LYJTD8P
27,"iPhone 7 Plus Case, ROCK [Royce] - Jet Black [Ultra Thin][Heavy Duty][Metal Texture Side Buttons][Dual Layered][Slim Fit][Hard PC + Soft TPU] For Apple iPhone 7 Plus (2016)",17 ratings,[],[],[],"Cell Phones & Accessories > Cases, Holsters & Sleeves > Basic Cases",https://www.amazon.com/iPhone-Plus-Case-ROCK-Royce/dp/tech-data/B01LYJTO1O%3FSubscriptionId%3DAKIAJZVN57AVTBBCDT2Q%26tag%3Drandomking20-20%26linkCode%3Dxm2%26camp%3D2025%26creative%3D386001%26creativeASIN%3DB01LYJTO1O
28,Mighty Gadget (R) 1 LB Kraft Crinkle Cut Paper Shred Filler for Gift Wrapping & Basket Filling,46 ratings,5 answered questions,[],[],Health & Household > Stationery & Gift Wrapping Supplies > Gift Wrapping Supplies > Gift Wrap Crinkle & Filler Paper,https://www.amazon.com/Mighty-Gadget-Crinkle-Wrapping-Filling/dp/tech-data/B01LYJUTWP?SubscriptionId=AKIAJZVN57AVTBBCDT2Q&tag=randomking20-20%20&linkCode=xm2&camp=2025&creative=386001&creativeASIN=B01LYJUTWP
29,"Lookout Point, Mohawk Trail Massachusetts Original Vintage Postcard",[],[],$24.99 ,[],[],https://www.amazon.com/Lookout-Massachusetts-Original-Vintage-Postcard/dp/tech-data/B01LYJUZ73%3FSubscriptionId%3DAKIAJZVN57AVTBBCDT2Q%26tag%3Drandomking20-20%26linkCode%3Dxm2%26camp%3D2025%26creative%3D386001%26creativeASIN%3DB01LYJUZ73
30,"Employment Office, Remington Arms and Ammunition Company Bridgeport, Connecticut Original Vintage Postcard",[],[],$19.99 ,[],[],https://www.amazon.com/Employment-Ammunition-Bridgeport-Connecticut-Vintage/dp/tech-data/B01LYJV3NT%3FSubscriptionId%3DAKIAJZVN57AVTBBCDT2Q%26tag%3Drandomking20-20%26linkCode%3Dxm2%26camp%3D2025%26creative%3D386001%26creativeASIN%3DB01LYJV3NT
31,Minions Despicable Me Guitar Picks Medium Gauge 10 Pack Bass Plectrum 0.71 mm Two Side Printing,[],[],[],[],Musical Instruments > Instrument Accessories > Guitar & Bass Accessories > Picks & Pick Holders > Picks,https://www.amazon.com/Minions-Despicable-Guitar-Plectrum-Printing/dp/tech-data/B01LYK3DMH%3FSubscriptionId%3DAKIAJZVN57AVTBBCDT2Q%26tag%3Drandomking20-20%26linkCode%3Dxm2%26camp%3D2025%26creative%3D386001%26creativeASIN%3DB01LYK3DMH
32,Halloween Greeting Cards Collection - 24 Cards & Envelopes,17 ratings,[],[],[],Office Products > Office & School Supplies > Paper > Cards & Card Stock > Greeting Cards,https://www.amazon.com/Halloween-Greeting-Cards-Collection-Envelopes/dp/tech-data/B01LYK4ANG%3FSubscriptionId%3DAKIAJZVN57AVTBBCDT2Q%26tag%3Drandomking20-20%26linkCode%3Dxm2%26camp%3D2025%26creative%3D386001%26creativeASIN%3DB01LYK4ANG
33,Ocean side Silver And Solid 14k Gold Balls Hoop Earrings.,[],[],[],[],"Clothing, Shoes & Jewelry > Women > Jewelry > Earrings > Hoop",https://www.amazon.com/Cape-Cod-Sterling-Silver-Earrings/dp/tech-data/B01LYNDJK7%3FSubscriptionId%3DAKIAJZVN57AVTBBCDT2Q%26tag%3Drandomking20-20%26linkCode%3Dxm2%26camp%3D2025%26creative%3D386001%26creativeASIN%3DB01LYNDJK7
34,"""Mini Suction Cup Dent Puller Remover Tool"" shopping",2 ratings,[],[],[],[],https://www.amazon.com/Mini-Suction-Puller-Remover-shopping/dp/tech-data/B01LYNQJG6%3FSubscriptionId%3DAKIAJZVN57AVTBBCDT2Q%26tag%3Drandomking20-20%26linkCode%3Dxm2%26camp%3D2025%26creative%3D386001%26creativeASIN%3DB01LYNQJG6
35,HKSUNKIN Flip Mobile CELL Phone for Senior Elder QUAD Band GSM BIG KEY BIG FONT LOUD RING,1 rating,6 answered questions,[],[],[],https://www.amazon.com/HKSUNKIN-Mobile-Phone-Senior-Elder/dp/tech-data/B01LYNQKDW%3FSubscriptionId%3DAKIAJZVN57AVTBBCDT2Q%26tag%3Drandomking20-20%26linkCode%3Dxm2%26camp%3D2025%26creative%3D386001%26creativeASIN%3DB01LYNQKDW
36,YICHUMY 2 Packs! Replacement USB Data Cable Cord Lead For SONY NWZ-A15 NWZ-A17 MP3 PLAYER Sony Walkman NWZ S544 S545 charger cable,50 ratings,16 answered questions,$8.99 ,[],Electronics > Computers & Accessories > Computer Accessories & Peripherals > Cables & Interconnects > USB Cables,https://www.amazon.com/YICHUMY-Replacement-NWZ-A15-NWZ-A17-Walkman/dp/tech-data/B01LYNQKUA?SubscriptionId=AKIAJZVN57AVTBBCDT2Q&tag=randomking20-20%20&linkCode=xm2&camp=2025&creative=386001&creativeASIN=B01LYNQKUA
37,Fisher-Price Rock-a-Stack,"1,841 ratings",36 answered questions,$5.00 ,$1.99 (28%),Toys & Games > Baby & Toddler Toys > Sorting & Stacking Toys,https://www.amazon.com/Fisher-Price-Rock-A-Stack-Wedge-Package-Toy/dp/tech-data/B01LYNRB3Y%3FSubscriptionId%3DAKIAJZVN57AVTBBCDT2Q%26tag%3Drandomking20-20%26linkCode%3Dxm2%26camp%3D2025%26creative%3D386001%26creativeASIN%3DB01LYNRB3Y
38,Pende Danganronpa Junko Despair Coffee Raglan 3/4 Sleeve Hip Hop Tee Woman,[],[],[],[],"Clothing, Shoes & Jewelry > Women > Clothing > Tops, Tees & Blouses > T-Shirts",https://www.amazon.com/Danganronpa-Despair-Coffee-Raglan-Sleeve/dp/tech-data/B01LYNRHM6%3FSubscriptionId%3DAKIAJZVN57AVTBBCDT2Q%26tag%3Drandomking20-20%26linkCode%3Dxm2%26camp%3D2025%26creative%3D386001%26creativeASIN%3DB01LYNRHM6
39,kate spade new york Healy Lane Lilith,[],[],$258.00 ,[],"Clothing, Shoes & Jewelry > Women > Contemporary & Designer > Handbags & Wallets > Cross-Body Bags",https://www.amazon.com/kate-spade-york-Healy-Lilith/dp/tech-data/B01LYNRWLE%3FSubscriptionId%3DAKIAJZVN57AVTBBCDT2Q%26tag%3Drandomking20-20%26linkCode%3Dxm2%26camp%3D2025%26creative%3D386001%26creativeASIN%3DB01LYNRWLE
40,"Sylus, Styluses, Styli -Super Precision Universal Multi-tip Stylus with Fine Point Tip Disc and Fiber Tip, Retail Packaging",126 ratings,19 answered questions,[],[],[],https://www.amazon.com/Styluses-Precision-Universal-Multi-tip-Packaging/dp/tech-data/B01LYNYABT%3FSubscriptionId%3DAKIAJZVN57AVTBBCDT2Q%26tag%3Drandomking20-20%26linkCode%3Dxm2%26camp%3D2025%26creative%3D386001%26creativeASIN%3DB01LYNYABT
41,Greetings from Council Bluffs Iowa Fridge Magnet (2 x 3 inches),[],[],$6.95 ,[],Home & Kitchen > Kitchen & Dining > Kitchen Utensils & Gadgets > Kitchen Accessories > Refrigerator Magnets,https://www.amazon.com/Greetings-Council-Bluffs-Fridge-Magnet/dp/tech-data/B01LYNZXC6%3FSubscriptionId%3DAKIAJZVN57AVTBBCDT2Q%26tag%3Drandomking20-20%26linkCode%3Dxm2%26camp%3D2025%26creative%3D386001%26creativeASIN%3DB01LYNZXC6
42,"Be alone, that is the secret of invention - Nikola Tesla - NEW Motivational Poster",[],[],$9.99 ,[],Office Products > Office & School Supplies > Education & Crafts > Arts & Crafts Supplies > Classroom Decorations > Educational Charts & Posters,https://www.amazon.com/alone-that-secret-invention-Motivational/dp/tech-data/B01LYO0GW1%3FSubscriptionId%3DAKIAJZVN57AVTBBCDT2Q%26tag%3Drandomking20-20%26linkCode%3Dxm2%26camp%3D2025%26creative%3D386001%26creativeASIN%3DB01LYO0GW1
43,DZT1968 1pc 7 Day Mini Weekly Medicine Box Holder Organizer Container Pill Cases New random color,7 ratings,[],$1.88 ,[],[],https://www.amazon.com/DZT1968-Weekly-Medicine-Organizer-Container/dp/tech-data/B01LYO0T79?SubscriptionId=AKIAJZVN57AVTBBCDT2Q&tag=randomking20-20%20&linkCode=xm2&camp=2025&creative=386001&creativeASIN=B01LYO0T79
44,Paver RED/Wine/Burgundy Cardstock Paper - 8.5 x 11 inch Premium 80 LB. Cover - 25 Sheets from Cardstock Warehouse,47 ratings,8 answered questions,$8.99 ,[],"Arts, Crafts & Sewing > Crafting > Paper & Paper Crafts > Paper > Card Stock",https://www.amazon.com/PAVER-Cardstock-Warehouse-PREMIUM-COVER/dp/tech-data/B01LYO11XV?SubscriptionId=AKIAJZVN57AVTBBCDT2Q&tag=randomking20-20%20&linkCode=xm2&camp=2025&creative=386001&creativeASIN=B01LYO11XV
45,"Thank You For Being A Friend Mug, 11 oz Ceramic Coffee Mug, Tea Mug, plus sticker",14 ratings,[],[],[],Home & Kitchen > Kitchen & Dining > Dining & Entertaining > Novelty > Drinkware > Coffee Mugs,https://www.amazon.com/Friend-Mug-Ceramic-Coffee-sticker/dp/tech-data/B01LYO1508%3FSubscriptionId%3DAKIAJZVN57AVTBBCDT2Q%26tag%3Drandomking20-20%26linkCode%3Dxm2%26camp%3D2025%26creative%3D386001%26creativeASIN%3DB01LYO1508
46,"FINCIBO Galaxy J1 J120 Case, Dual Layer Stealth Hybrid Armor Protector Cover Stand TPU W/ Holster For Samsung Galaxy J1 J120 AMP 2 2016 Express 3 Luna - She Believed She Could So She Did On Rose Gold",[],[],[],[],"Cell Phones & Accessories > Cases, Holsters & Sleeves > Holsters",https://www.amazon.com/Samsung-Express-Fincibo-Protector-Believed/dp/tech-data/B01LYO1K9D%3FSubscriptionId%3DAKIAJZVN57AVTBBCDT2Q%26tag%3Drandomking20-20%26linkCode%3Dxm2%26camp%3D2025%26creative%3D386001%26creativeASIN%3DB01LYO1K9D
47,UHM Commercial Brass Single Handle Pull Out Sprayer Kitchen Sink Faucet Mixer,[],[],[],[],Tools & Home Improvement > Kitchen & Bath Fixtures > Kitchen Fixtures > Kitchen Faucets > Bar Sink Faucets,https://www.amazon.com/Commercial-Single-Handle-Sprayer-Kitchen/dp/tech-data/B01LYO1Q6K%3FSubscriptionId%3DAKIAJZVN57AVTBBCDT2Q%26tag%3Drandomking20-20%26linkCode%3Dxm2%26camp%3D2025%26creative%3D386001%26creativeASIN%3DB01LYO1Q6K
48,Kotobukiya Tales Of Berseria: Velvet Crowe Artfx J Statue,8 ratings,4 answered questions,$243.55 ,[],[],https://www.amazon.com/Kotobukiya-Tales-Berseria-Velvet-Statue/dp/tech-data/B01LYO1RYS%3FSubscriptionId%3DAKIAJZVN57AVTBBCDT2Q%26tag%3Drandomking20-20%26linkCode%3Dxm2%26camp%3D2025%26creative%3D386001%26creativeASIN%3DB01LYO1RYS
49,"ROYI Memory Foam Seat/Chair Cushion for Relieves Back, Sciatica Pain，Tailbone Pain,Coccyx, Degenerating Disc, Orthopedic, Osteoarthritis, Sacrum, Prostate Cushion, Low Back Pain Cushion，Hip Shaping",151 ratings,32 answered questions,$36.99 ,[],Home & Kitchen > Bedding > Bed Pillows & Positioners > Specialty Medical Pillows,https://www.amazon.com/Improves-Alignment-Vertebrae-Eliminate-Sciatica/dp/tech-data/B01LYO93WD%3FSubscriptionId%3DAKIAJZVN57AVTBBCDT2Q%26tag%3Drandomking20-20%26linkCode%3Dxm2%26camp%3D2025%26creative%3D386001%26creativeASIN%3DB01LYO93WD
50,"Jesus Fish | Premium 11oz Coffee Mug Gift - Perfect Christian Gifts, Catholic Confirmation Gifts, Jesus, Bible, Easter, for Men, Women, Teens, Teenagers, Religion, God, Holy, Church, Family, Community",4 ratings,[],[],[],Home & Kitchen > Kitchen & Dining > Dining & Entertaining > Novelty > Drinkware > Coffee Mugs,https://www.amazon.com/Jesus-Fish-Premium-11oz-Coffee/dp/tech-data/B01LYOASJN?SubscriptionId=AKIAJZVN57AVTBBCDT2Q&tag=randomking20-20%20&linkCode=xm2&camp=2025&creative=386001&creativeASIN=B01LYOASJN
51,T&B 2M Baby Safety Anti Collision Bar 6.5 Feet Glass table Edge Furniture Guard Strip Horror Crash Bar Corner Foam Bumper Protection Article Protective Equipment For Child (Pink),[],[],[],[],Baby Products > Safety > Edge & Corner Guards,https://www.amazon.com/Collision-Furniture-Protection-Protective-Equipment/dp/tech-data/B01LYOATF2?SubscriptionId=AKIAJZVN57AVTBBCDT2Q&tag=randomking20-20%20&linkCode=xm2&camp=2025&creative=386001&creativeASIN=B01LYOATF2
52,Russian Modern Electric Samovar Teapot Set Gzhel Design | Tea Kettle Teakettle,2 ratings,[],[],[],Home & Kitchen > Kitchen & Dining > Dining & Entertaining > Serveware > Beverage Serveware > Teapots & Coffee Servers > Teapots,https://www.amazon.com/Russian-Modern-Electric-Samovar-Teakettle/dp/tech-data/B01LYOAYPE%3FSubscriptionId%3DAKIAJZVN57AVTBBCDT2Q%26tag%3Drandomking20-20%26linkCode%3Dxm2%26camp%3D2025%26creative%3D386001%26creativeASIN%3DB01LYOAYPE
53,"Tickle & Main Big Sister Gift Set- I Hereby Crown You Big Sister Book, Doll, and Child Size Crown",216 ratings,23 answered questions,$24.99 ,$5.00 (17%),[],https://www.amazon.com/Sister-Gift-Hereby-Crown-Child/dp/tech-data/B01LYOB5QQ%3FSubscriptionId%3DAKIAJZVN57AVTBBCDT2Q%26tag%3Drandomking20-20%26linkCode%3Dxm2%26camp%3D2025%26creative%3D386001%26creativeASIN%3DB01LYOB5QQ
54,LaCie 4TB (2 x 2TB) Rugged RAID Thunderbolt & USB 3.0 Mobile Hard Drive STFA4000400 PLUS Blucoil Hard Drive Case - VALUE BUNDLE,1 rating,[],[],[],Electronics > Computers & Accessories > Data Storage > External Hard Drives,https://www.amazon.com/LaCie-Rugged-Thunderbolt-STFA4000400-Blucoil/dp/tech-data/B01LYOBESF%3FSubscriptionId%3DAKIAJZVN57AVTBBCDT2Q%26tag%3Drandomking20-20%26linkCode%3Dxm2%26camp%3D2025%26creative%3D386001%26creativeASIN%3DB01LYOBESF
55,Lauren Ralph Lauren Silver Tone Twist Design Link Toggle Bracelet,[],[],[],[],[],https://www.amazon.com/Lauren-Ralph-Silver-Design-Bracelet/dp/tech-data/B01LYOZ8FP?SubscriptionId=AKIAJZVN57AVTBBCDT2Q&tag=randomking20-20%20&linkCode=xm2&camp=2025&creative=386001&creativeASIN=B01LYOZ8FP
56,Children's Factory Sensory Table - Blue,1 rating,[],$72.48 ,[],Home & Kitchen > Furniture > Kids' Furniture > Tables & Chairs > Tables,https://www.amazon.com/Angeles-Corp-Royal-Activity-Table/dp/tech-data/B01LYOZTWK%3FSubscriptionId%3DAKIAJZVN57AVTBBCDT2Q%26tag%3Drandomking20-20%26linkCode%3Dxm2%26camp%3D2025%26creative%3D386001%26creativeASIN%3DB01LYOZTWK
57,Hallmark Vida Spanish 25th Anniversary Greeting Card (Anniversary Couple),6 ratings,[],$3.49 ,[],Office Products > Office & School Supplies > Paper > Cards & Card Stock > Greeting Cards,https://www.amazon.com/Hallmark-Vida-Anniversary-Greeting-Couple/dp/tech-data/B01LYP20XV%3FSubscriptionId%3DAKIAJZVN57AVTBBCDT2Q%26tag%3Drandomking20-20%26linkCode%3Dxm2%26camp%3D2025%26creative%3D386001%26creativeASIN%3DB01LYP20XV
58,Chamilia Cookie Cutter Bead Charm,[],[],[],[],"Clothing, Shoes & Jewelry > Women > Jewelry > Bracelets > Charms & Charm Bracelets > Charms > Bead",https://www.amazon.com/Chamilia-Cookie-Cutter-Bead-Charm/dp/tech-data/B01LYP2KJD%3FSubscriptionId%3DAKIAJZVN57AVTBBCDT2Q%26tag%3Drandomking20-20%26linkCode%3Dxm2%26camp%3D2025%26creative%3D386001%26creativeASIN%3DB01LYP2KJD
59,"PHOTNO Women Lace Floral Bralette Bralet Bra Bustier Crop Top Cami Unpadded Tank (M, White)",[],[],[],[],[],https://www.amazon.com/PHOTNO-Floral-Bralette-Bustier-Unpadded/dp/tech-data/B01LYP4JFG?SubscriptionId=AKIAJZVN57AVTBBCDT2Q&tag=randomking20-20%20&linkCode=xm2&camp=2025&creative=386001&creativeASIN=B01LYP4JFG
60,"Parker IM Rollerball Pen, Black Lacquer Chrome Trim with Fine Point Black Ink Refill (1975540)",193 ratings,26 answered questions,$22.44 ,[],Office Products > Office & School Supplies > Writing & Correction Supplies > Pens & Refills > Pen Refills,https://www.amazon.com/Parker-Rollerball-Lacquer-Chrome-1975540/dp/tech-data/B01LYP5JGV%3FSubscriptionId%3DAKIAJZVN57AVTBBCDT2Q%26tag%3Drandomking20-20%26linkCode%3Dxm2%26camp%3D2025%26creative%3D386001%26creativeASIN%3DB01LYP5JGV
61,If You Need Anything From Me. Reconsider. T-Shirt,[],[],[],[],"Clothing, Shoes & Jewelry > Novelty & More > Clothing > Novelty > Women > Tops & Tees > T-Shirts",https://www.amazon.com/You-Need-Anything-Reconsider-T-Shirt/dp/tech-data/B01LYPB0HM%3FSubscriptionId%3DAKIAJZVN57AVTBBCDT2Q%26tag%3Drandomking20-20%26linkCode%3Dxm2%26camp%3D2025%26creative%3D386001%26creativeASIN%3DB01LYPB0HM
62,"Turtlescreen Premium Quality Replacement Screen Compatible with iPhone 6 Plus, LCD Display & Touch Screen Digitizer Full Assembly (Front camera, Ear speaker & Proximity Sensor) Repair Kit - White",49 ratings,13 answered questions,$29.99 ,[],Cell Phones & Accessories > Accessories > Replacement Parts,https://www.amazon.com/Turtle-Screen-Original-Replacement-Digitizer/dp/tech-data/B01LYPBMN9%3FSubscriptionId%3DAKIAJZVN57AVTBBCDT2Q%26tag%3Drandomking20-20%26linkCode%3Dxm2%26camp%3D2025%26creative%3D386001%26creativeASIN%3DB01LYPBMN9
63,Knitter's Pride Fixed Circular Needle Case (Eternity),33 ratings,5 answered questions,$23.93 ,[],"Arts, Crafts & Sewing > Knitting & Crochet > Knitting Needles",https://www.amazon.com/Eternity-Fixed-Circular-Needle-Case-/dp/tech-data/B01LYPD1GM%3FSubscriptionId%3DAKIAJZVN57AVTBBCDT2Q%26tag%3Drandomking20-20%26linkCode%3Dxm2%26camp%3D2025%26creative%3D386001%26creativeASIN%3DB01LYPD1GM
64,"Kanye West Autographed""late registration"" Album. Signed on cover. Beckett Authentication (BAS) COA.",[],[],$499.00 ,[],Collectibles & Fine Art > Entertainment > Movies & Music > Vinyl Records,https://www.amazon.com/Autographed-registration-Album-Signed-cover/dp/tech-data/B01LYPD6AT?SubscriptionId=AKIAJZVN57AVTBBCDT2Q&tag=randomking20-20%20&linkCode=xm2&camp=2025&creative=386001&creativeASIN=B01LYPD6AT
65,Plantronics RIG 4VR - VR Gaming Headset for PlayStation VR,36 ratings,7 answered questions,$48.48 ,$11.51 (19%),Video Games > PlayStation 4 > Accessories > Headsets,https://www.amazon.com/Plantronics-RIG-4VR-Headset-Playstation/dp/tech-data/B01LYPEQE2?SubscriptionId=AKIAJZVN57AVTBBCDT2Q&tag=randomking20-20%20&linkCode=xm2&camp=2025&creative=386001&creativeASIN=B01LYPEQE2
66,"iPhone 7 Plus Mirror Case for Women Girl, Q-Shox [Rose] [Love Series] Luxury Makeup Soft Flexible Case for iPhone 7 Plus",23 ratings,4 answered questions,[],[],"Cell Phones & Accessories > Cases, Holsters & Sleeves > Basic Cases",https://www.amazon.com/Shock-Absorption-Flexible-Anti-Scratch-Reflection-Protective/dp/tech-data/B01LYPK56E%3FSubscriptionId%3DAKIAJZVN57AVTBBCDT2Q%26tag%3Drandomking20-20%26linkCode%3Dxm2%26camp%3D2025%26creative%3D386001%26creativeASIN%3DB01LYPK56E
67,JUMBO Gift Baskets Fresh Variety of Gourmet Nuts - Miniature Handmade Teddy & Flowers - Holiday Gifts Idea for Men Women and Family - 2 Lb Tray (Mini Wishes),39 ratings,[],[],[],Grocery & Gourmet Food > Candy & Chocolate > Candied & Chocolate-Covered Snacks,https://www.amazon.com/Gourmet-Miniature-Flowers-Mini-Wishes/dp/tech-data/B01LYPKHE9%3FSubscriptionId%3DAKIAJZVN57AVTBBCDT2Q%26tag%3Drandomking20-20%26linkCode%3Dxm2%26camp%3D2025%26creative%3D386001%26creativeASIN%3DB01LYPKHE9
68,Baby Toddlers Girls Tulle Skirt Super Soft Classic 5 Layers Princess Tutu Skirts (6M-15Years),[],[],[],[],"Clothing, Shoes & Jewelry > Baby > Baby Girls > Clothing > Bottoms > Skirts, Skooters & Skorts",https://www.amazon.com/Toddlers-Classic-Layers-Princess-6M-15Years/dp/tech-data/B01LYPLOER%3FSubscriptionId%3DAKIAJZVN57AVTBBCDT2Q%26tag%3Drandomking20-20%26linkCode%3Dxm2%26camp%3D2025%26creative%3D386001%26creativeASIN%3DB01LYPLOER
69,Seeksmile Unisex Lycra Spandex Zentai Halloween Cosplay Costumes,[],23 answered questions,[],[],[],https://www.amazon.com/Seeksmile-Spandex-Halloween-Costumes-Deadpool/dp/tech-data/B01LYPUZKL%3FSubscriptionId%3DAKIAJZVN57AVTBBCDT2Q%26tag%3Drandomking20-20%26linkCode%3Dxm2%26camp%3D2025%26creative%3D386001%26creativeASIN%3DB01LYPUZKL
70,Rebel Transport #293/350 (Trading Card) 2012 Topps Star Wars Galactic Files - [Base] - Blue #284,[],[],[],[],Collectibles & Fine Art > Entertainment > Trading Cards,https://www.amazon.com/Rebel-Transport-Trading-Topps-Galactic/dp/tech-data/B01LYPVZPB?SubscriptionId=AKIAJZVN57AVTBBCDT2Q&tag=randomking20-20%20&linkCode=xm2&camp=2025&creative=386001&creativeASIN=B01LYPVZPB
71,Billy Bryan Ghostbusters Stay Puft Marshmallow Man #13 Original Autographed 8x10 Photo,[],[],[],[],Collectibles & Fine Art > Entertainment > Photographs,https://www.amazon.com/Billy-Ghostbusters-Marshmallow-Original-Autographed/dp/tech-data/B01LYQ5G0N%3FSubscriptionId%3DAKIAJZVN57AVTBBCDT2Q%26tag%3Drandomking20-20%26linkCode%3Dxm2%26camp%3D2025%26creative%3D386001%26creativeASIN%3DB01LYQ5G0N
72,"Ikevan Vintage Square American Flag Pillow Case Sofa Waist Throw Cushion Cover Home Decor(18"" x 18"") (Blue&Red)",17 ratings,[],$4.90 ,[],"Home & Kitchen > Bedding > Decorative Pillows, Inserts & Covers > Throw Pillow Covers",https://www.amazon.com/Ikevan-Vintage-Square-American-Cushion/dp/tech-data/B01LYQ5VVX?SubscriptionId=AKIAJZVN57AVTBBCDT2Q&tag=randomking20-20%20&linkCode=xm2&camp=2025&creative=386001&creativeASIN=B01LYQ5VVX
73,"SOL REPUBLIC Amps Air Totally Wireless Bluetooth Earbuds – Premium Sound, Sweat & Rain Resistant, 2200mAh Portable Phone Charger, Music & Siri Control, Secure Fit for Workouts, SOL-EP1190GD Rose Gold",233 ratings,72 answered questions,$97.95 ,[],[],https://www.amazon.com/Republic-Truly-Wireless-Black-SOL-EP1190GD/dp/tech-data/B01LYQ7H7B%3FSubscriptionId%3DAKIAJZVN57AVTBBCDT2Q%26tag%3Drandomking20-20%26linkCode%3Dxm2%26camp%3D2025%26creative%3D386001%26creativeASIN%3DB01LYQ7H7B
74,Drawstring Tote Backpack Bag Becky Lynch SmackDown Champion Nylon Home Travel Sport Storage,1 rating,[],[],[],"Clothing, Shoes & Jewelry > Luggage & Travel Gear > Gym Bags > Drawstring Bags",https://www.amazon.com/Drawstring-Backpack-SmackDown-Champion-Storage/dp/tech-data/B01LYQ9MG1%3FSubscriptionId%3DAKIAJZVN57AVTBBCDT2Q%26tag%3Drandomking20-20%26linkCode%3Dxm2%26camp%3D2025%26creative%3D386001%26creativeASIN%3DB01LYQ9MG1
75,"Grant Howard 50899 16 oz Italian Chef Oil and Vinegar Cruet, Clear",5 ratings,[],$10.00 ,[],Home & Kitchen > Kitchen & Dining > Kitchen Utensils & Gadgets > Oil Sprayers & Dispensers > Cruets,https://www.amazon.com/Grant-Howard-50899-Italian-Vinegar/dp/tech-data/B01LYQACR1?SubscriptionId=AKIAJZVN57AVTBBCDT2Q&tag=randomking20-20%20&linkCode=xm2&camp=2025&creative=386001&creativeASIN=B01LYQACR1